identification_id,true_variety
0,Golden
1,Fuji
2,Fuji
3,Boskoop
4,Fuji
5,Boskoop
6,Fuji
7,Granny smith
8,Granny smith
9,Golden
10,Granny smith
11,Fuji
12,Golden
13,Golden
14,Fuji
15,Granny smith
16,Boskoop
17,Canada
18,Golden
19,Boskoop
20,Canada
21,Golden
22,Canada
23,Canada
24,Boskoop
25,Granny smith
26,Fuji
27,Canada
28,Golden
29,Boskoop
30,Boskoop
31,Boskoop
32,Fuji
33,Canada
34,Granny smith
35,Granny smith
36,Golden
37,Granny smith
38,Canada
39,Fuji
40,Granny smith
41,Granny smith
42,Golden
43,Canada
44,Golden
45,Granny smith
46,Boskoop
47,Fuji
48,Fuji
49,Fuji
50,Canada
51,Golden
52,Granny smith
53,Golden
54,Golden
55,Granny smith
56,Boskoop
57,Canada
58,Granny smith
59,Golden
60,Granny smith
61,Granny smith
62,Boskoop
63,Boskoop
64,Fuji
65,Fuji
66,Granny smith
67,Canada
68,Granny smith
69,Canada
70,Canada
71,Granny smith
72,Golden
73,Granny smith
74,Canada
